EmpID,FirstName,LastName,Email,Location,JobTitle,Department,dep_id,job_id,Role_ID,All_Entitlements,EmployeeStatus,EmployeeType,Gender
1000,FN1000,LN1000,user1000@example.com,India,Developer,IT,DEP003,JOB007,ROLE167,"ENT001, ENT002, ENT003, ENT004, ENT005",Active,Contract,Female
1001,FN1001,LN1001,user1001@example.com,USA,Engineer,Sales,DEP005,JOB002,ROLE145,"ENT001, ENT002, ENT003, ENT004, ENT005, ENT011",Active,FullTime,Male
1002,FN1002,LN1002,user1002@example.com,India,Manager,Sales,DEP002,JOB011,ROLE198,"ENT001, ENT002, ENT003, ENT004, ENT005",Active,FullTime,Female
1003,FN1003,LN1003,user1003@example.com,India,Engineer,Finance,DEP003,JOB006,ROLE089,"ENT001, ENT003, ENT004, ENT005",Active,Contract,Female
1004,FN1004,LN1004,user1004@example.com,India,Engineer,Sales,DEP002,JOB001,ROLE070,"ENT001, ENT002, ENT003, ENT004, ENT005",Active,FullTime,Female
1005,FN1005,LN1005,user1005@example.com,USA,Manager,IT,DEP001,JOB012,ROLE061,"ENT001, ENT002, ENT003, ENT004, ENT005",Active,FullTime,Male
1006,FN1006,LN1006,user1006@example.com,USA,Manager,HR,DEP003,JOB015,ROLE112,"ENT001, ENT002, ENT003, ENT004, ENT005",Active,Contract,Male
1007,FN1007,LN1007,user1007@example.com,USA,Manager,HR,DEP003,JOB017,ROLE037,"ENT001, ENT002, ENT003, ENT004, ENT005",Active,Contract,Female
1008,FN1008,LN1008,user1008@example.com,USA,Analyst,IT,DEP004,JOB010,ROLE109,"ENT001, ENT002, ENT003, ENT004, ENT005",Active,FullTime,Female
1009,FN1009,LN1009,user1009@example.com,India,Manager,IT,DEP005,JOB013,ROLE089,"ENT001, ENT002, ENT003, ENT004, ENT005",Active,Contract,Female
1010,FN1010,LN1010,user1010@example.com,USA,Manager,HR,DEP003,JOB007,ROLE174,"ENT001, ENT002, ENT003, ENT004, ENT005",Active,Contract,Female
1011,FN1011,LN1011,user1011@example.com,India,Analyst,Sales,DEP001,JOB017,ROLE107,"ENT001, ENT002, ENT003, ENT004, ENT005",Active,Contract,Male
1012,FN1012,LN1012,user1012@example.com,India,Analyst,Sales,DEP001,JOB016,ROLE034,"ENT001, ENT002, ENT003, ENT004, ENT005",Active,FullTime,Female
1013,FN1013,LN1013,user1013@example.com,India,Analyst,IT,DEP005,JOB018,ROLE027,"ENT001, ENT002, ENT003, ENT004, ENT005",Active,FullTime,Female
1014,FN1014,LN1014,user1014@example.com,USA,Manager,HR,DEP005,JOB002,ROLE179,"ENT001, ENT002, ENT003, ENT004, ENT005",Active,FullTime,Male
1015,FN1015,LN1015,user1015@example.com,USA,Engineer,IT,DEP004,JOB018,ROLE193,"ENT001, ENT002, ENT003, ENT004, ENT005",Active,Contract,Male
1016,FN1016,LN1016,user1016@example.com,India,Developer,HR,DEP002,JOB002,ROLE114,"ENT001, ENT002, ENT003, ENT004, ENT005",Active,Contract,Male
1017,FN1017,LN1017,user1017@example.com,India,Analyst,Sales,DEP001,JOB012,ROLE028,"ENT001, ENT003, ENT004, ENT005",Active,Contract,Female
1018,FN1018,LN1018,user1018@example.com,Canada,Developer,IT,DEP003,JOB018,ROLE049,"ENT001, ENT002, ENT003, ENT004, ENT005",Active,FullTime,Male
1019,FN1019,LN1019,user1019@example.com,India,Engineer,IT,DEP001,JOB010,ROLE121,"ENT001, ENT002, ENT003, ENT004, ENT005",Active,FullTime,Male
1020,FN1020,LN1020,user1020@example.com,Canada,Engineer,IT,DEP002,JOB012,ROLE081,"ENT001, ENT002, ENT003, ENT004, ENT005, ENT007",Active,Contract,Male
1021,FN1021,LN1021,user1021@example.com,Canada,Engineer,IT,DEP004,JOB012,ROLE052,"ENT001, ENT002, ENT003, ENT004, ENT005",Active,FullTime,Male
1022,FN1022,LN1022,user1022@example.com,USA,Developer,Finance,DEP004,JOB015,ROLE114,"ENT001, ENT002, ENT003, ENT004, ENT005",Active,Contract,Male
1023,FN1023,LN1023,user1023@example.com,India,Manager,Finance,DEP003,JOB008,ROLE076,"ENT001, ENT002, ENT003, ENT004, ENT005",Active,Contract,Male
1024,FN1024,LN1024,user1024@example.com,India,Engineer,Sales,DEP001,JOB008,ROLE035,"ENT001, ENT002, ENT003, ENT004, ENT005, ENT013",Active,FullTime,Female
1025,FN1025,LN1025,user1025@example.com,USA,Manager,Finance,DEP003,JOB018,ROLE104,"ENT001, ENT002, ENT003, ENT004, ENT005",Active,FullTime,Male
1026,FN1026,LN1026,user1026@example.com,Canada,Developer,Finance,DEP001,JOB006,ROLE075,"ENT001, ENT002, ENT003, ENT004, ENT005",Active,FullTime,Male
1027,FN1027,LN1027,user1027@example.com,USA,Developer,HR,DEP002,JOB009,ROLE088,"ENT001, ENT002, ENT003, ENT004, ENT005, ENT011",Active,FullTime,Male
1028,FN1028,LN1028,user1028@example.com,Canada,Engineer,Finance,DEP003,JOB003,ROLE175,"ENT001, ENT002, ENT003, ENT004, ENT005",Active,Contract,Male
1029,FN1029,LN1029,user1029@example.com,Canada,Analyst,Sales,DEP002,JOB006,ROLE085,"ENT001, ENT002, ENT003, ENT004, ENT005",Active,FullTime,Male
1030,FN1030,LN1030,user1030@example.com,USA,Analyst,Sales,DEP005,JOB001,ROLE148,"ENT001, ENT002, ENT003, ENT004, ENT005",Active,FullTime,Female
1031,FN1031,LN1031,user1031@example.com,India,Engineer,HR,DEP001,JOB008,ROLE072,"ENT001, ENT002, ENT003, ENT004, ENT005",Active,Contract,Female
1032,FN1032,LN1032,user1032@example.com,USA,Manager,Finance,DEP004,JOB018,ROLE180,"ENT001, ENT002, ENT003, ENT004, ENT005",Active,FullTime,Female
1033,FN1033,LN1033,user1033@example.com,India,Engineer,IT,DEP005,JOB002,ROLE149,"ENT001, ENT002, ENT003, ENT004, ENT005",Active,Contract,Male
1034,FN1034,LN1034,user1034@example.com,USA,Analyst,Sales,DEP005,JOB004,ROLE011,"ENT001, ENT002, ENT003, ENT004, ENT005",Active,Contract,Female
1035,FN1035,LN1035,user1035@example.com,India,Analyst,HR,DEP001,JOB009,ROLE039,"ENT001, ENT002, ENT003, ENT005",Active,FullTime,Male
1036,FN1036,LN1036,user1036@example.com,India,Manager,HR,DEP003,JOB020,ROLE068,"ENT001, ENT002, ENT003, ENT004, ENT005",Active,FullTime,Female
1037,FN1037,LN1037,user1037@example.com,USA,Manager,HR,DEP001,JOB011,ROLE099,"ENT001, ENT002, ENT004, ENT005",Active,Contract,Male
1038,FN1038,LN1038,user1038@example.com,Canada,Engineer,HR,DEP002,JOB009,ROLE177,"ENT001, ENT002, ENT003, ENT004, ENT005",Active,FullTime,Male
1039,FN1039,LN1039,user1039@example.com,India,Engineer,HR,DEP004,JOB020,ROLE121,"ENT001, ENT002, ENT003, ENT004, ENT005",Active,Contract,Male
1040,FN1040,LN1040,user1040@example.com,USA,Engineer,Sales,DEP002,JOB018,ROLE097,"ENT001, ENT002, ENT003, ENT004, ENT005",Active,Contract,Male
1041,FN1041,LN1041,user1041@example.com,USA,Analyst,IT,DEP004,JOB010,ROLE003,"ENT001, ENT003, ENT004, ENT005",Active,FullTime,Male
1042,FN1042,LN1042,user1042@example.com,USA,Developer,HR,DEP005,JOB020,ROLE026,"ENT002, ENT003, ENT004, ENT005",Active,Contract,Female
1043,FN1043,LN1043,user1043@example.com,USA,Engineer,IT,DEP005,JOB009,ROLE168,"ENT001, ENT002, ENT003, ENT004, ENT005, ENT011",Active,FullTime,Female
1044,FN1044,LN1044,user1044@example.com,Canada,Manager,Sales,DEP002,JOB011,ROLE092,"ENT001, ENT002, ENT003, ENT004, ENT005",Active,FullTime,Male
1045,FN1045,LN1045,user1045@example.com,Canada,Engineer,Sales,DEP002,JOB020,ROLE064,"ENT001, ENT002, ENT003, ENT004, ENT005",Active,FullTime,Male
1046,FN1046,LN1046,user1046@example.com,India,Manager,Finance,DEP002,JOB001,ROLE081,"ENT001, ENT002, ENT003, ENT004, ENT005",Active,Contract,Female
1047,FN1047,LN1047,user1047@example.com,Canada,Engineer,IT,DEP003,JOB016,ROLE020,"ENT001, ENT002, ENT003, ENT004, ENT005",Active,FullTime,Male
1048,FN1048,LN1048,user1048@example.com,Canada,Manager,Finance,DEP002,JOB016,ROLE131,"ENT001, ENT002, ENT003, ENT004, ENT005",Active,Contract,Female
1049,FN1049,LN1049,user1049@example.com,USA,Analyst,Sales,DEP005,JOB018,ROLE011,"ENT001, ENT002, ENT003, ENT004, ENT005",Active,FullTime,Female
1050,FN1050,LN1050,user1050@example.com,USA,Engineer,IT,DEP004,JOB019,ROLE116,"ENT001, ENT002, ENT003, ENT004, ENT005",Active,FullTime,Female
1051,FN1051,LN1051,user1051@example.com,USA,Manager,Finance,DEP002,JOB002,ROLE168,"ENT001, ENT002, ENT003, ENT004, ENT005",Active,Contract,Female
1052,FN1052,LN1052,user1052@example.com,Canada,Analyst,HR,DEP002,JOB004,ROLE058,"ENT001, ENT002, ENT003, ENT004, ENT005",Active,FullTime,Female
1053,FN1053,LN1053,user1053@example.com,USA,Analyst,Finance,DEP002,JOB013,ROLE105,"ENT002, ENT003, ENT004, ENT005",Active,FullTime,Male
1054,FN1054,LN1054,user1054@example.com,India,Manager,HR,DEP005,JOB020,ROLE074,"ENT001, ENT002, ENT003, ENT004, ENT005",Active,FullTime,Female
1055,FN1055,LN1055,user1055@example.com,India,Analyst,HR,DEP005,JOB016,ROLE180,"ENT001, ENT003, ENT004, ENT005",Active,Contract,Male
1056,FN1056,LN1056,user1056@example.com,Canada,Manager,Finance,DEP005,JOB005,ROLE055,"ENT001, ENT002, ENT003, ENT004, ENT005",Active,Contract,Female
1057,FN1057,LN1057,user1057@example.com,Canada,Engineer,IT,DEP002,JOB013,ROLE076,"ENT001, ENT002, ENT003, ENT005",Active,FullTime,Male
1058,FN1058,LN1058,user1058@example.com,India,Developer,IT,DEP002,JOB015,ROLE054,"ENT001, ENT002, ENT003, ENT004, ENT005",Active,Contract,Male
1059,FN1059,LN1059,user1059@example.com,India,Developer,IT,DEP002,JOB002,ROLE055,"ENT001, ENT002, ENT003, ENT004, ENT005",Active,FullTime,Female
1060,FN1060,LN1060,user1060@example.com,Canada,Manager,IT,DEP003,JOB016,ROLE124,"ENT001, ENT002, ENT003, ENT004, ENT005",Active,Contract,Female
1061,FN1061,LN1061,user1061@example.com,USA,Analyst,Sales,DEP004,JOB004,ROLE033,"ENT001, ENT003, ENT004, ENT005",Active,Contract,Male
1062,FN1062,LN1062,user1062@example.com,India,Analyst,Finance,DEP005,JOB010,ROLE142,"ENT001, ENT002, ENT003, ENT004, ENT005",Active,FullTime,Male
1063,FN1063,LN1063,user1063@example.com,USA,Manager,Sales,DEP004,JOB018,ROLE029,"ENT001, ENT002, ENT003, ENT004, ENT005",Active,FullTime,Male
1064,FN1064,LN1064,user1064@example.com,India,Engineer,HR,DEP002,JOB002,ROLE013,"ENT001, ENT002, ENT003, ENT004, ENT005",Active,FullTime,Male
1065,FN1065,LN1065,user1065@example.com,USA,Engineer,IT,DEP004,JOB014,ROLE125,"ENT001, ENT002, ENT003, ENT004, ENT005",Active,Contract,Female
1066,FN1066,LN1066,user1066@example.com,USA,Manager,IT,DEP005,JOB011,ROLE078,"ENT001, ENT002, ENT003, ENT004, ENT005",Active,FullTime,Female
1067,FN1067,LN1067,user1067@example.com,USA,Analyst,Sales,DEP002,JOB009,ROLE008,"ENT001, ENT002, ENT003, ENT004, ENT005",Active,Contract,Male
1068,FN1068,LN1068,user1068@example.com,Canada,Developer,HR,DEP003,JOB008,ROLE092,"ENT001, ENT002, ENT003, ENT004, ENT005",Active,Contract,Female
1069,FN1069,LN1069,user1069@example.com,USA,Manager,Sales,DEP004,JOB006,ROLE145,"ENT001, ENT002, ENT003, ENT004, ENT005",Active,Contract,Male
1070,FN1070,LN1070,user1070@example.com,Canada,Manager,Finance,DEP001,JOB017,ROLE033,"ENT001, ENT002, ENT003, ENT004, ENT005",Active,FullTime,Female
1071,FN1071,LN1071,user1071@example.com,Canada,Manager,Sales,DEP002,JOB011,ROLE196,"ENT001, ENT002, ENT003, ENT004, ENT005",Active,Contract,Female
1072,FN1072,LN1072,user1072@example.com,Canada,Manager,IT,DEP003,JOB019,ROLE149,"ENT001, ENT002, ENT003, ENT004, ENT005",Active,FullTime,Female
1073,FN1073,LN1073,user1073@example.com,India,Manager,HR,DEP005,JOB010,ROLE112,"ENT001, ENT002, ENT003, ENT004, ENT005",Active,FullTime,Male
1074,FN1074,LN1074,user1074@example.com,Canada,Manager,Sales,DEP002,JOB013,ROLE163,"ENT001, ENT002, ENT003, ENT004, ENT005",Active,FullTime,Male
1075,FN1075,LN1075,user1075@example.com,Canada,Analyst,HR,DEP005,JOB016,ROLE078,"ENT001, ENT002, ENT003, ENT004, ENT005",Active,FullTime,Female
1076,FN1076,LN1076,user1076@example.com,Canada,Analyst,IT,DEP004,JOB013,ROLE150,"ENT001, ENT002, ENT003, ENT004, ENT005",Active,FullTime,Female
1077,FN1077,LN1077,user1077@example.com,USA,Developer,Sales,DEP001,JOB014,ROLE195,"ENT001, ENT002, ENT003, ENT004, ENT005",Active,FullTime,Female
1078,FN1078,LN1078,user1078@example.com,USA,Engineer,HR,DEP004,JOB014,ROLE036,"ENT001, ENT002, ENT003, ENT004, ENT005",Active,Contract,Female
1079,FN1079,LN1079,user1079@example.com,USA,Analyst,Finance,DEP003,JOB013,ROLE076,"ENT001, ENT002, ENT003, ENT004, ENT005",Active,FullTime,Male
1080,FN1080,LN1080,user1080@example.com,USA,Engineer,IT,DEP001,JOB003,ROLE181,"ENT006, ENT007, ENT008, ENT009, ENT010",Active,FullTime,Male
1081,FN1081,LN1081,user1081@example.com,Canada,Analyst,IT,DEP002,JOB002,ROLE191,"ENT006, ENT007, ENT008, ENT009, ENT010",Active,FullTime,Female
1082,FN1082,LN1082,user1082@example.com,USA,Engineer,Sales,DEP002,JOB005,ROLE128,"ENT006, ENT007, ENT008, ENT009, ENT010",Active,Contract,Female
1083,FN1083,LN1083,user1083@example.com,India,Engineer,Finance,DEP003,JOB002,ROLE153,"ENT006, ENT007, ENT008, ENT009, ENT010",Active,Contract,Male
1084,FN1084,LN1084,user1084@example.com,Canada,Developer,Finance,DEP005,JOB013,ROLE195,"ENT006, ENT007, ENT008, ENT009, ENT010, ENT011",Active,Contract,Female
1085,FN1085,LN1085,user1085@example.com,Canada,Analyst,IT,DEP004,JOB011,ROLE081,"ENT006, ENT007, ENT008, ENT009",Active,FullTime,Female
1086,FN1086,LN1086,user1086@example.com,Canada,Engineer,HR,DEP005,JOB001,ROLE108,"ENT006, ENT007, ENT008, ENT009, ENT010",Active,Contract,Male
1087,FN1087,LN1087,user1087@example.com,Canada,Developer,Sales,DEP002,JOB016,ROLE195,"ENT006, ENT007, ENT008, ENT009, ENT010",Active,FullTime,Female
1088,FN1088,LN1088,user1088@example.com,Canada,Developer,IT,DEP001,JOB018,ROLE054,"ENT006, ENT007, ENT008, ENT009, ENT010",Active,Contract,Male
1089,FN1089,LN1089,user1089@example.com,India,Engineer,Sales,DEP004,JOB006,ROLE116,"ENT006, ENT007, ENT008, ENT009, ENT010",Active,Contract,Male
1090,FN1090,LN1090,user1090@example.com,India,Developer,IT,DEP005,JOB018,ROLE016,"ENT006, ENT007, ENT008, ENT009, ENT010",Active,FullTime,Female
1091,FN1091,LN1091,user1091@example.com,USA,Engineer,IT,DEP004,JOB019,ROLE114,"ENT006, ENT007, ENT008, ENT009, ENT010",Active,FullTime,Female
1092,FN1092,LN1092,user1092@example.com,India,Manager,Finance,DEP003,JOB009,ROLE082,"ENT006, ENT007, ENT008, ENT009, ENT010",Active,Contract,Female
1093,FN1093,LN1093,user1093@example.com,USA,Manager,HR,DEP002,JOB015,ROLE094,"ENT006, ENT007, ENT008, ENT009, ENT010",Active,Contract,Male
1094,FN1094,LN1094,user1094@example.com,India,Manager,Finance,DEP001,JOB014,ROLE183,"ENT006, ENT007, ENT008, ENT009, ENT010",Active,Contract,Male
1095,FN1095,LN1095,user1095@example.com,USA,Engineer,Finance,DEP001,JOB020,ROLE078,"ENT006, ENT007, ENT008, ENT009, ENT010",Active,FullTime,Female
1096,FN1096,LN1096,user1096@example.com,Canada,Analyst,Sales,DEP004,JOB014,ROLE134,"ENT006, ENT007, ENT008, ENT009, ENT010",Active,FullTime,Male
1097,FN1097,LN1097,user1097@example.com,India,Analyst,Sales,DEP001,JOB017,ROLE199,"ENT006, ENT007, ENT008, ENT009, ENT010",Active,Contract,Female
1098,FN1098,LN1098,user1098@example.com,USA,Analyst,HR,DEP002,JOB015,ROLE005,"ENT006, ENT007, ENT008, ENT009, ENT010",Active,Contract,Female
1099,FN1099,LN1099,user1099@example.com,USA,Manager,IT,DEP005,JOB003,ROLE034,"ENT006, ENT007, ENT008, ENT009, ENT010",Active,Contract,Female
1100,FN1100,LN1100,user1100@example.com,Canada,Developer,Sales,DEP003,JOB015,ROLE172,"ENT006, ENT007, ENT008, ENT009, ENT010",Active,FullTime,Female
1101,FN1101,LN1101,user1101@example.com,USA,Manager,Sales,DEP002,JOB005,ROLE053,"ENT006, ENT007, ENT008, ENT009, ENT010",Active,Contract,Female
1102,FN1102,LN1102,user1102@example.com,USA,Analyst,HR,DEP001,JOB002,ROLE066,"ENT006, ENT007, ENT008, ENT009, ENT010",Active,FullTime,Male
1103,FN1103,LN1103,user1103@example.com,Canada,Manager,HR,DEP001,JOB006,ROLE143,"ENT006, ENT007, ENT008, ENT009, ENT010",Active,FullTime,Male
1104,FN1104,LN1104,user1104@example.com,USA,Manager,Sales,DEP005,JOB010,ROLE135,"ENT006, ENT007, ENT008, ENT009, ENT010",Active,Contract,Male
1105,FN1105,LN1105,user1105@example.com,Canada,Engineer,Finance,DEP001,JOB014,ROLE079,"ENT006, ENT007, ENT008, ENT009, ENT010",Active,FullTime,Female
1106,FN1106,LN1106,user1106@example.com,India,Manager,IT,DEP005,JOB016,ROLE073,"ENT006, ENT007, ENT008, ENT009, ENT010, ENT012",Active,Contract,Male
1107,FN1107,LN1107,user1107@example.com,USA,Developer,Finance,DEP002,JOB009,ROLE099,"ENT006, ENT007, ENT009, ENT010",Active,Contract,Male
1108,FN1108,LN1108,user1108@example.com,Canada,Engineer,IT,DEP002,JOB001,ROLE144,"ENT006, ENT007, ENT008, ENT009, ENT010",Active,Contract,Male
1109,FN1109,LN1109,user1109@example.com,Canada,Analyst,HR,DEP003,JOB014,ROLE037,"ENT006, ENT007, ENT008, ENT009",Active,FullTime,Female
1110,FN1110,LN1110,user1110@example.com,Canada,Analyst,HR,DEP003,JOB015,ROLE079,"ENT006, ENT007, ENT008, ENT009, ENT010",Active,FullTime,Male
1111,FN1111,LN1111,user1111@example.com,Canada,Manager,Finance,DEP001,JOB013,ROLE091,"ENT006, ENT007, ENT008, ENT009, ENT010",Active,Contract,Female
1112,FN1112,LN1112,user1112@example.com,USA,Analyst,HR,DEP005,JOB006,ROLE028,"ENT006, ENT007, ENT008, ENT009, ENT010",Active,Contract,Female
1113,FN1113,LN1113,user1113@example.com,India,Analyst,Sales,DEP004,JOB009,ROLE069,"ENT006, ENT007, ENT008, ENT009, ENT010, ENT013",Active,FullTime,Male
1114,FN1114,LN1114,user1114@example.com,USA,Manager,Sales,DEP001,JOB011,ROLE126,"ENT006, ENT007, ENT008, ENT009, ENT010",Active,Contract,Female
1115,FN1115,LN1115,user1115@example.com,India,Manager,IT,DEP001,JOB009,ROLE127,"ENT006, ENT007, ENT008, ENT009, ENT010",Active,FullTime,Male
1116,FN1116,LN1116,user1116@example.com,Canada,Analyst,HR,DEP002,JOB015,ROLE100,"ENT006, ENT007, ENT008, ENT009, ENT010",Active,FullTime,Male
1117,FN1117,LN1117,user1117@example.com,USA,Developer,IT,DEP003,JOB015,ROLE062,"ENT006, ENT007, ENT008, ENT009, ENT010",Active,Contract,Female
1118,FN1118,LN1118,user1118@example.com,India,Developer,IT,DEP001,JOB010,ROLE014,"ENT006, ENT007, ENT008, ENT009, ENT010",Active,FullTime,Female
1119,FN1119,LN1119,user1119@example.com,India,Manager,IT,DEP004,JOB016,ROLE019,"ENT006, ENT007, ENT008, ENT009, ENT010",Active,Contract,Male
1120,FN1120,LN1120,user1120@example.com,India,Developer,Sales,DEP004,JOB005,ROLE157,"ENT006, ENT007, ENT008, ENT009, ENT010",Active,Contract,Female
1121,FN1121,LN1121,user1121@example.com,Canada,Analyst,HR,DEP001,JOB007,ROLE061,"ENT006, ENT007, ENT008, ENT009, ENT010",Active,FullTime,Male
1122,FN1122,LN1122,user1122@example.com,USA,Developer,HR,DEP005,JOB004,ROLE062,"ENT006, ENT007, ENT008, ENT009, ENT010",Active,Contract,Male
1123,FN1123,LN1123,user1123@example.com,Canada,Manager,Finance,DEP001,JOB017,ROLE049,"ENT006, ENT007, ENT008, ENT009, ENT010",Active,Contract,Female
1124,FN1124,LN1124,user1124@example.com,Canada,Manager,Finance,DEP004,JOB009,ROLE056,"ENT006, ENT007, ENT008, ENT009, ENT010",Active,FullTime,Male
1125,FN1125,LN1125,user1125@example.com,Canada,Analyst,HR,DEP004,JOB019,ROLE159,"ENT006, ENT007, ENT008, ENT009, ENT010",Active,FullTime,Male
1126,FN1126,LN1126,user1126@example.com,India,Engineer,IT,DEP005,JOB003,ROLE101,"ENT006, ENT007, ENT008, ENT009, ENT010",Active,Contract,Female
1127,FN1127,LN1127,user1127@example.com,Canada,Manager,HR,DEP001,JOB006,ROLE163,"ENT006, ENT007, ENT008, ENT009, ENT010",Active,Contract,Female
1128,FN1128,LN1128,user1128@example.com,Canada,Engineer,Sales,DEP004,JOB010,ROLE121,"ENT006, ENT007, ENT008, ENT009, ENT010",Active,FullTime,Male
1129,FN1129,LN1129,user1129@example.com,USA,Manager,Sales,DEP002,JOB019,ROLE037,"ENT006, ENT007, ENT008, ENT009, ENT010, ENT013",Active,FullTime,Female
1130,FN1130,LN1130,user1130@example.com,Canada,Manager,IT,DEP001,JOB009,ROLE058,"ENT006, ENT007, ENT008, ENT009, ENT010",Active,FullTime,Female
1131,FN1131,LN1131,user1131@example.com,India,Developer,HR,DEP002,JOB019,ROLE159,"ENT006, ENT007, ENT008, ENT009, ENT010",Active,FullTime,Female
1132,FN1132,LN1132,user1132@example.com,USA,Developer,IT,DEP003,JOB002,ROLE110,"ENT006, ENT007, ENT008, ENT009, ENT010",Active,Contract,Male
1133,FN1133,LN1133,user1133@example.com,India,Engineer,Finance,DEP004,JOB014,ROLE115,"ENT006, ENT007, ENT008, ENT009, ENT010",Active,FullTime,Male
1134,FN1134,LN1134,user1134@example.com,USA,Analyst,Sales,DEP001,JOB020,ROLE048,"ENT006, ENT007, ENT008, ENT009, ENT010",Active,FullTime,Female
1135,FN1135,LN1135,user1135@example.com,India,Engineer,HR,DEP001,JOB011,ROLE076,"ENT006, ENT007, ENT008, ENT009, ENT010",Active,FullTime,Male
1136,FN1136,LN1136,user1136@example.com,USA,Analyst,Finance,DEP004,JOB003,ROLE134,"ENT006, ENT007, ENT008, ENT009, ENT010",Active,Contract,Male
1137,FN1137,LN1137,user1137@example.com,India,Developer,IT,DEP003,JOB003,ROLE184,"ENT006, ENT007, ENT009, ENT010",Active,Contract,Female
1138,FN1138,LN1138,user1138@example.com,USA,Analyst,HR,DEP004,JOB006,ROLE019,"ENT006, ENT007, ENT008, ENT009, ENT010",Active,FullTime,Female
1139,FN1139,LN1139,user1139@example.com,USA,Developer,Sales,DEP002,JOB014,ROLE074,"ENT006, ENT007, ENT008, ENT009, ENT010",Active,Contract,Male
1140,FN1140,LN1140,user1140@example.com,India,Manager,HR,DEP004,JOB008,ROLE112,"ENT006, ENT007, ENT008, ENT009, ENT010",Active,FullTime,Female
1141,FN1141,LN1141,user1141@example.com,USA,Engineer,Sales,DEP005,JOB001,ROLE081,"ENT006, ENT007, ENT008, ENT009, ENT010",Active,Contract,Male
1142,FN1142,LN1142,user1142@example.com,USA,Analyst,Sales,DEP003,JOB007,ROLE070,"ENT006, ENT007, ENT008, ENT010",Active,FullTime,Female
1143,FN1143,LN1143,user1143@example.com,Canada,Analyst,IT,DEP001,JOB017,ROLE161,"ENT006, ENT007, ENT008, ENT009, ENT010",Active,FullTime,Male
1144,FN1144,LN1144,user1144@example.com,India,Manager,IT,DEP003,JOB012,ROLE128,"ENT006, ENT007, ENT008, ENT009, ENT010",Active,Contract,Male
1145,FN1145,LN1145,user1145@example.com,USA,Developer,IT,DEP004,JOB009,ROLE008,"ENT006, ENT007, ENT008, ENT009, ENT010",Active,Contract,Female
1146,FN1146,LN1146,user1146@example.com,Canada,Developer,IT,DEP002,JOB007,ROLE178,"ENT006, ENT007, ENT008, ENT009, ENT010",Active,Contract,Female
1147,FN1147,LN1147,user1147@example.com,Canada,Manager,Finance,DEP002,JOB003,ROLE139,"ENT006, ENT007, ENT008, ENT009, ENT010, ENT005",Active,Contract,Male
1148,FN1148,LN1148,user1148@example.com,Canada,Manager,IT,DEP005,JOB018,ROLE020,"ENT006, ENT007, ENT008, ENT009, ENT010",Active,FullTime,Female
1149,FN1149,LN1149,user1149@example.com,India,Developer,Sales,DEP001,JOB004,ROLE169,"ENT006, ENT007, ENT008, ENT009, ENT010",Active,FullTime,Male
1150,FN1150,LN1150,user1150@example.com,USA,Developer,HR,DEP002,JOB017,ROLE179,"ENT006, ENT007, ENT008, ENT009, ENT010",Active,Contract,Male
1151,FN1151,LN1151,user1151@example.com,USA,Engineer,IT,DEP004,JOB011,ROLE126,"ENT006, ENT007, ENT008, ENT009, ENT010",Active,Contract,Female
1152,FN1152,LN1152,user1152@example.com,Canada,Manager,Sales,DEP005,JOB006,ROLE054,"ENT006, ENT007, ENT008, ENT009, ENT010, ENT015",Active,FullTime,Male
1153,FN1153,LN1153,user1153@example.com,Canada,Manager,IT,DEP005,JOB010,ROLE037,"ENT006, ENT007, ENT008, ENT009, ENT010, ENT014",Active,FullTime,Female
1154,FN1154,LN1154,user1154@example.com,Canada,Engineer,IT,DEP004,JOB014,ROLE052,"ENT006, ENT007, ENT008, ENT009, ENT010",Active,FullTime,Female
1155,FN1155,LN1155,user1155@example.com,USA,Developer,Finance,DEP003,JOB016,ROLE131,"ENT006, ENT007, ENT008, ENT009, ENT010",Active,Contract,Male
1156,FN1156,LN1156,user1156@example.com,India,Manager,HR,DEP002,JOB013,ROLE154,"ENT007, ENT008, ENT009, ENT010",Active,Contract,Female
1157,FN1157,LN1157,user1157@example.com,USA,Engineer,Finance,DEP003,JOB010,ROLE051,"ENT006, ENT007, ENT008, ENT009, ENT010",Active,Contract,Male
1158,FN1158,LN1158,user1158@example.com,USA,Engineer,IT,DEP005,JOB017,ROLE115,"ENT006, ENT007, ENT008, ENT009, ENT010",Active,FullTime,Female
1159,FN1159,LN1159,user1159@example.com,India,Developer,Sales,DEP002,JOB010,ROLE165,"ENT007, ENT008, ENT009, ENT010",Active,FullTime,Male
1160,FN1160,LN1160,user1160@example.com,USA,Analyst,IT,DEP001,JOB012,ROLE115,"ENT011, ENT012, ENT013, ENT014, ENT015",Active,Contract,Male
1161,FN1161,LN1161,user1161@example.com,India,Engineer,IT,DEP001,JOB011,ROLE171,"ENT011, ENT012, ENT013, ENT014, ENT015",Active,FullTime,Female
1162,FN1162,LN1162,user1162@example.com,USA,Analyst,IT,DEP003,JOB010,ROLE160,"ENT011, ENT012, ENT014, ENT015",Active,FullTime,Male
1163,FN1163,LN1163,user1163@example.com,Canada,Engineer,IT,DEP004,JOB010,ROLE004,"ENT011, ENT012, ENT013, ENT014, ENT015, ENT005",Active,Contract,Male
1164,FN1164,LN1164,user1164@example.com,Canada,Engineer,Sales,DEP005,JOB016,ROLE149,"ENT011, ENT012, ENT013, ENT014, ENT015",Active,FullTime,Male
1165,FN1165,LN1165,user1165@example.com,USA,Manager,HR,DEP002,JOB014,ROLE063,"ENT011, ENT012, ENT013, ENT014, ENT015",Active,Contract,Female
1166,FN1166,LN1166,user1166@example.com,USA,Developer,HR,DEP001,JOB013,ROLE146,"ENT011, ENT012, ENT013, ENT014, ENT015",Active,Contract,Female
1167,FN1167,LN1167,user1167@example.com,Canada,Engineer,Sales,DEP003,JOB014,ROLE115,"ENT011, ENT012, ENT013, ENT014, ENT015",Active,FullTime,Female
1168,FN1168,LN1168,user1168@example.com,USA,Engineer,Finance,DEP001,JOB018,ROLE084,"ENT011, ENT012, ENT013, ENT014, ENT015, ENT002",Active,Contract,Male
1169,FN1169,LN1169,user1169@example.com,India,Manager,Finance,DEP005,JOB020,ROLE111,"ENT011, ENT012, ENT013, ENT014, ENT015",Active,FullTime,Male
1170,FN1170,LN1170,user1170@example.com,India,Analyst,HR,DEP002,JOB009,ROLE154,"ENT011, ENT012, ENT013, ENT015",Active,FullTime,Female
1171,FN1171,LN1171,user1171@example.com,India,Manager,HR,DEP001,JOB019,ROLE187,"ENT011, ENT012, ENT013, ENT014, ENT015",Active,Contract,Female
1172,FN1172,LN1172,user1172@example.com,India,Analyst,Finance,DEP005,JOB015,ROLE001,"ENT011, ENT012, ENT013, ENT014, ENT015",Active,FullTime,Female
1173,FN1173,LN1173,user1173@example.com,India,Developer,Sales,DEP004,JOB019,ROLE076,"ENT011, ENT012, ENT013, ENT014, ENT015",Active,FullTime,Male
1174,FN1174,LN1174,user1174@example.com,Canada,Analyst,IT,DEP001,JOB011,ROLE140,"ENT011, ENT012, ENT013, ENT014, ENT015",Active,FullTime,Male
1175,FN1175,LN1175,user1175@example.com,Canada,Manager,Sales,DEP001,JOB004,ROLE156,"ENT011, ENT012, ENT013, ENT014, ENT015",Active,FullTime,Female
1176,FN1176,LN1176,user1176@example.com,Canada,Analyst,Finance,DEP002,JOB009,ROLE125,"ENT012, ENT013, ENT014, ENT015",Active,FullTime,Male
1177,FN1177,LN1177,user1177@example.com,India,Analyst,HR,DEP005,JOB009,ROLE089,"ENT011, ENT012, ENT013, ENT014, ENT015, ENT010",Active,FullTime,Male
1178,FN1178,LN1178,user1178@example.com,Canada,Manager,Sales,DEP002,JOB007,ROLE148,"ENT011, ENT012, ENT014, ENT015",Active,Contract,Female
1179,FN1179,LN1179,user1179@example.com,India,Developer,Sales,DEP002,JOB009,ROLE049,"ENT011, ENT012, ENT013, ENT014, ENT015",Active,Contract,Male
1180,FN1180,LN1180,user1180@example.com,USA,Manager,Finance,DEP004,JOB016,ROLE149,"ENT011, ENT012, ENT013, ENT014, ENT015",Active,Contract,Male
1181,FN1181,LN1181,user1181@example.com,USA,Developer,Sales,DEP002,JOB002,ROLE033,"ENT011, ENT012, ENT013, ENT014, ENT015",Active,FullTime,Male
1182,FN1182,LN1182,user1182@example.com,India,Analyst,IT,DEP005,JOB019,ROLE129,"ENT011, ENT012, ENT013, ENT014, ENT015",Active,Contract,Female
1183,FN1183,LN1183,user1183@example.com,India,Engineer,Sales,DEP004,JOB020,ROLE119,"ENT011, ENT012, ENT013, ENT014, ENT015",Active,FullTime,Male
1184,FN1184,LN1184,user1184@example.com,Canada,Manager,IT,DEP001,JOB015,ROLE158,"ENT011, ENT012, ENT013, ENT014, ENT015",Active,Contract,Female
1185,FN1185,LN1185,user1185@example.com,Canada,Developer,HR,DEP004,JOB018,ROLE184,"ENT011, ENT012, ENT013, ENT014, ENT015",Active,Contract,Male
1186,FN1186,LN1186,user1186@example.com,USA,Developer,Sales,DEP005,JOB018,ROLE059,"ENT011, ENT012, ENT013, ENT014, ENT015",Active,FullTime,Female
1187,FN1187,LN1187,user1187@example.com,USA,Manager,Sales,DEP002,JOB001,ROLE183,"ENT011, ENT012, ENT013, ENT014, ENT015, ENT006",Active,FullTime,Male
1188,FN1188,LN1188,user1188@example.com,Canada,Analyst,IT,DEP003,JOB018,ROLE192,"ENT011, ENT012, ENT013, ENT014, ENT015",Active,FullTime,Female
1189,FN1189,LN1189,user1189@example.com,Canada,Engineer,HR,DEP003,JOB004,ROLE181,"ENT011, ENT012, ENT013, ENT014, ENT015",Active,Contract,Male
1190,FN1190,LN1190,user1190@example.com,Canada,Engineer,IT,DEP003,JOB010,ROLE102,"ENT011, ENT012, ENT013, ENT014, ENT015",Active,Contract,Male
1191,FN1191,LN1191,user1191@example.com,Canada,Manager,HR,DEP003,JOB010,ROLE003,"ENT011, ENT012, ENT013, ENT014, ENT015",Active,FullTime,Female
1192,FN1192,LN1192,user1192@example.com,India,Developer,IT,DEP004,JOB020,ROLE019,"ENT011, ENT012, ENT013, ENT014, ENT015",Active,Contract,Male
1193,FN1193,LN1193,user1193@example.com,Canada,Developer,Sales,DEP002,JOB011,ROLE021,"ENT011, ENT012, ENT013, ENT014, ENT015",Active,Contract,Female
1194,FN1194,LN1194,user1194@example.com,India,Analyst,Sales,DEP001,JOB016,ROLE186,"ENT011, ENT012, ENT013, ENT014, ENT015",Active,FullTime,Male
1195,FN1195,LN1195,user1195@example.com,Canada,Engineer,HR,DEP001,JOB019,ROLE128,"ENT011, ENT012, ENT013, ENT014, ENT015",Active,FullTime,Female
1196,FN1196,LN1196,user1196@example.com,USA,Developer,Sales,DEP002,JOB006,ROLE056,"ENT011, ENT012, ENT013, ENT014, ENT015",Active,FullTime,Male
1197,FN1197,LN1197,user1197@example.com,India,Engineer,HR,DEP001,JOB003,ROLE185,"ENT011, ENT012, ENT013, ENT014, ENT015",Active,Contract,Male
1198,FN1198,LN1198,user1198@example.com,Canada,Engineer,HR,DEP002,JOB014,ROLE187,"ENT011, ENT012, ENT013, ENT014, ENT015",Active,Contract,Male
1199,FN1199,LN1199,user1199@example.com,Canada,Analyst,IT,DEP002,JOB012,ROLE063,"ENT011, ENT012, ENT013, ENT015",Active,Contract,Female
1200,FN1200,LN1200,user1200@example.com,Canada,Developer,Finance,DEP004,JOB011,ROLE169,"ENT011, ENT012, ENT013, ENT014, ENT015",Active,Contract,Male
1201,FN1201,LN1201,user1201@example.com,USA,Engineer,Sales,DEP005,JOB012,ROLE172,"ENT011, ENT012, ENT013, ENT014, ENT015",Active,Contract,Female
1202,FN1202,LN1202,user1202@example.com,Canada,Manager,Finance,DEP004,JOB017,ROLE138,"ENT011, ENT012, ENT013, ENT014, ENT015",Active,Contract,Male
1203,FN1203,LN1203,user1203@example.com,USA,Engineer,IT,DEP001,JOB018,ROLE177,"ENT011, ENT012, ENT013, ENT014, ENT015",Active,FullTime,Female
1204,FN1204,LN1204,user1204@example.com,India,Analyst,HR,DEP002,JOB003,ROLE036,"ENT011, ENT012, ENT013, ENT014, ENT015",Active,Contract,Female
1205,FN1205,LN1205,user1205@example.com,Canada,Analyst,HR,DEP003,JOB004,ROLE054,"ENT011, ENT012, ENT013, ENT014, ENT015",Active,FullTime,Male
1206,FN1206,LN1206,user1206@example.com,USA,Engineer,IT,DEP002,JOB018,ROLE154,"ENT011, ENT012, ENT013, ENT014, ENT015",Active,FullTime,Male
1207,FN1207,LN1207,user1207@example.com,Canada,Engineer,HR,DEP003,JOB007,ROLE054,"ENT011, ENT012, ENT013, ENT014, ENT015",Active,FullTime,Female
1208,FN1208,LN1208,user1208@example.com,USA,Manager,HR,DEP003,JOB013,ROLE108,"ENT011, ENT012, ENT013, ENT014, ENT015",Active,Contract,Female
1209,FN1209,LN1209,user1209@example.com,Canada,Developer,IT,DEP004,JOB004,ROLE056,"ENT011, ENT012, ENT013, ENT014, ENT015",Active,Contract,Female
1210,FN1210,LN1210,user1210@example.com,Canada,Analyst,IT,DEP004,JOB007,ROLE146,"ENT011, ENT012, ENT013, ENT014, ENT015",Active,FullTime,Male
1211,FN1211,LN1211,user1211@example.com,Canada,Engineer,IT,DEP005,JOB019,ROLE024,"ENT011, ENT012, ENT014, ENT015",Active,Contract,Male
1212,FN1212,LN1212,user1212@example.com,Canada,Developer,Sales,DEP003,JOB017,ROLE090,"ENT011, ENT012, ENT013, ENT014, ENT015",Active,Contract,Male
1213,FN1213,LN1213,user1213@example.com,Canada,Engineer,Sales,DEP004,JOB018,ROLE051,"ENT012, ENT013, ENT014, ENT015",Active,Contract,Female
1214,FN1214,LN1214,user1214@example.com,Canada,Engineer,Finance,DEP004,JOB018,ROLE003,"ENT011, ENT012, ENT013, ENT014, ENT015",Active,Contract,Male
1215,FN1215,LN1215,user1215@example.com,India,Analyst,Finance,DEP001,JOB010,ROLE195,"ENT011, ENT012, ENT013, ENT014, ENT015",Active,FullTime,Female
1216,FN1216,LN1216,user1216@example.com,India,Manager,HR,DEP003,JOB019,ROLE021,"ENT011, ENT012, ENT013, ENT014, ENT015, ENT007",Active,Contract,Male
1217,FN1217,LN1217,user1217@example.com,Canada,Analyst,Finance,DEP004,JOB004,ROLE063,"ENT011, ENT012, ENT013, ENT014, ENT015",Active,Contract,Female
1218,FN1218,LN1218,user1218@example.com,India,Analyst,Sales,DEP002,JOB004,ROLE155,"ENT011, ENT012, ENT013, ENT014, ENT015",Active,Contract,Male
1219,FN1219,LN1219,user1219@example.com,India,Manager,IT,DEP005,JOB016,ROLE039,"ENT011, ENT012, ENT013, ENT014, ENT015",Active,FullTime,Female
1220,FN1220,LN1220,user1220@example.com,India,Developer,Finance,DEP005,JOB008,ROLE001,"ENT011, ENT012, ENT013, ENT014, ENT015",Active,Contract,Female
1221,FN1221,LN1221,user1221@example.com,India,Manager,Sales,DEP003,JOB005,ROLE094,"ENT011, ENT012, ENT013, ENT014, ENT015",Active,Contract,Male
1222,FN1222,LN1222,user1222@example.com,Canada,Engineer,Sales,DEP003,JOB015,ROLE024,"ENT011, ENT012, ENT013, ENT015",Active,FullTime,Male
1223,FN1223,LN1223,user1223@example.com,USA,Manager,HR,DEP002,JOB009,ROLE163,"ENT011, ENT012, ENT013, ENT014, ENT015",Active,Contract,Female
1224,FN1224,LN1224,user1224@example.com,India,Engineer,HR,DEP002,JOB011,ROLE096,"ENT011, ENT012, ENT013, ENT014, ENT015",Active,Contract,Female
1225,FN1225,LN1225,user1225@example.com,USA,Manager,IT,DEP003,JOB010,ROLE113,"ENT011, ENT012, ENT013, ENT014, ENT015",Active,Contract,Male
1226,FN1226,LN1226,user1226@example.com,India,Developer,Sales,DEP003,JOB006,ROLE107,"ENT011, ENT012, ENT013, ENT014",Active,Contract,Male
1227,FN1227,LN1227,user1227@example.com,India,Engineer,HR,DEP001,JOB017,ROLE123,"ENT011, ENT012, ENT013, ENT014, ENT015",Active,Contract,Female
1228,FN1228,LN1228,user1228@example.com,Canada,Engineer,Finance,DEP004,JOB007,ROLE081,"ENT011, ENT012, ENT013, ENT014, ENT015",Active,FullTime,Female
1229,FN1229,LN1229,user1229@example.com,Canada,Manager,IT,DEP004,JOB001,ROLE046,"ENT011, ENT012, ENT013, ENT014, ENT015",Active,FullTime,Male
1230,FN1230,LN1230,user1230@example.com,India,Engineer,IT,DEP005,JOB013,ROLE103,"ENT011, ENT012, ENT013, ENT014, ENT015",Active,FullTime,Male
1231,FN1231,LN1231,user1231@example.com,USA,Analyst,Finance,DEP004,JOB006,ROLE090,"ENT011, ENT012, ENT013, ENT014, ENT015",Active,FullTime,Male
1232,FN1232,LN1232,user1232@example.com,USA,Analyst,Sales,DEP001,JOB020,ROLE104,"ENT011, ENT012, ENT013, ENT014, ENT015",Active,Contract,Male
1233,FN1233,LN1233,user1233@example.com,Canada,Developer,Finance,DEP001,JOB008,ROLE072,"ENT011, ENT012, ENT013, ENT014, ENT015",Active,FullTime,Female
1234,FN1234,LN1234,user1234@example.com,Canada,Engineer,Finance,DEP005,JOB003,ROLE161,"ENT011, ENT012, ENT013, ENT014",Active,FullTime,Male
1235,FN1235,LN1235,user1235@example.com,India,Analyst,Sales,DEP002,JOB002,ROLE163,"ENT011, ENT012, ENT013, ENT014, ENT015",Active,Contract,Female
1236,FN1236,LN1236,user1236@example.com,USA,Developer,Sales,DEP004,JOB011,ROLE136,"ENT011, ENT012, ENT013, ENT014",Active,Contract,Male
1237,FN1237,LN1237,user1237@example.com,USA,Analyst,IT,DEP005,JOB016,ROLE026,"ENT012, ENT013, ENT014, ENT015",Active,Contract,Male
1238,FN1238,LN1238,user1238@example.com,Canada,Engineer,Sales,DEP002,JOB018,ROLE170,"ENT011, ENT012, ENT013, ENT014, ENT015",Active,Contract,Male
1239,FN1239,LN1239,user1239@example.com,India,Analyst,Finance,DEP002,JOB005,ROLE080,"ENT011, ENT012, ENT013, ENT014, ENT015",Active,FullTime,Male
1240,FN1240,LN1240,user1240@example.com,Canada,Engineer,IT,DEP004,JOB017,ROLE181,"ENT001, ENT009, ENT013",Active,FullTime,Male
1241,FN1241,LN1241,user1241@example.com,USA,Analyst,HR,DEP003,JOB006,ROLE092,"ENT001, ENT005, ENT009, ENT013",Active,FullTime,Female
1242,FN1242,LN1242,user1242@example.com,India,Developer,Sales,DEP005,JOB004,ROLE193,"ENT001, ENT005, ENT009, ENT013",Active,Contract,Male
1243,FN1243,LN1243,user1243@example.com,India,Developer,HR,DEP001,JOB020,ROLE007,"ENT001, ENT005, ENT009, ENT013, ENT007",Active,Contract,Female
1244,FN1244,LN1244,user1244@example.com,India,Manager,Sales,DEP001,JOB008,ROLE089,"ENT001, ENT005, ENT009, ENT013",Active,FullTime,Male
1245,FN1245,LN1245,user1245@example.com,Canada,Engineer,Sales,DEP003,JOB009,ROLE025,"ENT001, ENT005, ENT009, ENT013",Active,Contract,Female
1246,FN1246,LN1246,user1246@example.com,Canada,Developer,HR,DEP003,JOB005,ROLE130,"ENT001, ENT005, ENT009, ENT013",Active,Contract,Female
1247,FN1247,LN1247,user1247@example.com,India,Manager,IT,DEP001,JOB004,ROLE035,"ENT001, ENT005, ENT009, ENT013",Active,Contract,Female
1248,FN1248,LN1248,user1248@example.com,USA,Engineer,Sales,DEP003,JOB019,ROLE134,"ENT001, ENT005, ENT009, ENT013",Active,Contract,Female
1249,FN1249,LN1249,user1249@example.com,India,Developer,Finance,DEP003,JOB016,ROLE044,"ENT001, ENT005, ENT009, ENT013",Active,Contract,Male
1250,FN1250,LN1250,user1250@example.com,India,Analyst,Finance,DEP005,JOB010,ROLE080,"ENT001, ENT005, ENT009, ENT013",Active,Contract,Male
1251,FN1251,LN1251,user1251@example.com,India,Manager,HR,DEP005,JOB014,ROLE010,"ENT001, ENT005, ENT009, ENT013",Active,FullTime,Male
1252,FN1252,LN1252,user1252@example.com,India,Developer,Sales,DEP005,JOB016,ROLE015,"ENT001, ENT005, ENT009, ENT013",Active,Contract,Female
1253,FN1253,LN1253,user1253@example.com,Canada,Developer,Sales,DEP002,JOB016,ROLE130,"ENT001, ENT005, ENT009, ENT013",Active,FullTime,Male
1254,FN1254,LN1254,user1254@example.com,India,Engineer,Finance,DEP002,JOB014,ROLE178,"ENT001, ENT005, ENT009, ENT013",Active,Contract,Male
1255,FN1255,LN1255,user1255@example.com,India,Engineer,Finance,DEP004,JOB002,ROLE040,"ENT001, ENT005, ENT009, ENT013",Active,Contract,Male
1256,FN1256,LN1256,user1256@example.com,India,Developer,Sales,DEP004,JOB012,ROLE094,"ENT001, ENT005, ENT009, ENT013",Active,FullTime,Female
1257,FN1257,LN1257,user1257@example.com,Canada,Manager,Sales,DEP001,JOB005,ROLE075,"ENT001, ENT005, ENT009, ENT013",Active,FullTime,Male
1258,FN1258,LN1258,user1258@example.com,Canada,Manager,HR,DEP004,JOB008,ROLE168,"ENT001, ENT005, ENT009, ENT013",Active,FullTime,Male
1259,FN1259,LN1259,user1259@example.com,India,Engineer,Sales,DEP004,JOB017,ROLE149,"ENT001, ENT005, ENT009, ENT013",Active,FullTime,Female
1260,FN1260,LN1260,user1260@example.com,Canada,Developer,HR,DEP004,JOB011,ROLE027,"ENT001, ENT005, ENT009",Active,Contract,Female
1261,FN1261,LN1261,user1261@example.com,India,Analyst,Sales,DEP005,JOB005,ROLE045,"ENT001, ENT005, ENT009, ENT013",Active,Contract,Male
1262,FN1262,LN1262,user1262@example.com,USA,Developer,IT,DEP005,JOB003,ROLE072,"ENT001, ENT005, ENT009, ENT013",Active,FullTime,Female
1263,FN1263,LN1263,user1263@example.com,USA,Engineer,Sales,DEP003,JOB010,ROLE032,"ENT001, ENT005, ENT009, ENT013, ENT002",Active,Contract,Male
1264,FN1264,LN1264,user1264@example.com,Canada,Developer,HR,DEP002,JOB017,ROLE134,"ENT001, ENT005, ENT009, ENT013",Active,Contract,Female
1265,FN1265,LN1265,user1265@example.com,USA,Developer,Sales,DEP005,JOB018,ROLE090,"ENT001, ENT005, ENT009, ENT013",Active,FullTime,Male
1266,FN1266,LN1266,user1266@example.com,Canada,Manager,HR,DEP002,JOB011,ROLE175,"ENT001, ENT005, ENT009, ENT013",Active,Contract,Male
1267,FN1267,LN1267,user1267@example.com,USA,Engineer,Finance,DEP001,JOB009,ROLE194,"ENT001, ENT005, ENT009, ENT013",Active,Contract,Male
1268,FN1268,LN1268,user1268@example.com,India,Engineer,Finance,DEP004,JOB011,ROLE118,"ENT001, ENT005, ENT009, ENT013",Active,FullTime,Male
1269,FN1269,LN1269,user1269@example.com,Canada,Engineer,Sales,DEP004,JOB010,ROLE142,"ENT001, ENT005, ENT009, ENT013",Active,FullTime,Female
1270,FN1270,LN1270,user1270@example.com,India,Engineer,IT,DEP001,JOB002,ROLE030,"ENT001, ENT005, ENT009, ENT013",Active,FullTime,Male
1271,FN1271,LN1271,user1271@example.com,USA,Engineer,Sales,DEP001,JOB004,ROLE035,"ENT001, ENT005, ENT009, ENT013",Active,FullTime,Female
1272,FN1272,LN1272,user1272@example.com,India,Engineer,HR,DEP003,JOB012,ROLE179,"ENT001, ENT005, ENT009, ENT013",Active,Contract,Male
1273,FN1273,LN1273,user1273@example.com,Canada,Developer,IT,DEP003,JOB010,ROLE152,"ENT001, ENT005, ENT009, ENT013",Active,Contract,Female
1274,FN1274,LN1274,user1274@example.com,USA,Analyst,Finance,DEP004,JOB002,ROLE059,"ENT001, ENT005, ENT009, ENT013",Active,Contract,Female
1275,FN1275,LN1275,user1275@example.com,USA,Analyst,Sales,DEP005,JOB013,ROLE193,"ENT001, ENT005, ENT009, ENT013",Active,Contract,Female
1276,FN1276,LN1276,user1276@example.com,Canada,Analyst,Finance,DEP001,JOB014,ROLE052,"ENT001, ENT005, ENT009, ENT013",Active,FullTime,Male
1277,FN1277,LN1277,user1277@example.com,USA,Analyst,HR,DEP003,JOB018,ROLE026,"ENT001, ENT005, ENT009, ENT013",Active,FullTime,Female
1278,FN1278,LN1278,user1278@example.com,USA,Analyst,Sales,DEP001,JOB004,ROLE130,"ENT001, ENT005, ENT009, ENT013, ENT004",Active,FullTime,Female
1279,FN1279,LN1279,user1279@example.com,USA,Developer,Finance,DEP004,JOB011,ROLE111,"ENT001, ENT005, ENT009, ENT013",Active,Contract,Male
1280,FN1280,LN1280,user1280@example.com,USA,Engineer,Sales,DEP004,JOB019,ROLE041,"ENT001, ENT005, ENT009, ENT013",Active,Contract,Male
1281,FN1281,LN1281,user1281@example.com,India,Developer,IT,DEP001,JOB011,ROLE021,"ENT001, ENT005, ENT009, ENT013",Active,FullTime,Female
1282,FN1282,LN1282,user1282@example.com,India,Developer,Finance,DEP003,JOB001,ROLE181,"ENT001, ENT005, ENT009, ENT013, ENT007",Active,FullTime,Male
1283,FN1283,LN1283,user1283@example.com,India,Analyst,IT,DEP001,JOB013,ROLE068,"ENT001, ENT005, ENT009, ENT013",Active,Contract,Male
1284,FN1284,LN1284,user1284@example.com,India,Developer,Sales,DEP003,JOB019,ROLE147,"ENT001, ENT005, ENT013",Active,FullTime,Male
1285,FN1285,LN1285,user1285@example.com,India,Developer,Sales,DEP004,JOB016,ROLE184,"ENT001, ENT005, ENT009, ENT013",Active,Contract,Female
1286,FN1286,LN1286,user1286@example.com,USA,Manager,HR,DEP003,JOB006,ROLE079,"ENT001, ENT005, ENT009, ENT013",Active,Contract,Male
1287,FN1287,LN1287,user1287@example.com,India,Developer,Finance,DEP004,JOB008,ROLE169,"ENT001, ENT005, ENT009, ENT013",Active,FullTime,Female
1288,FN1288,LN1288,user1288@example.com,Canada,Analyst,Finance,DEP003,JOB005,ROLE042,"ENT001, ENT005, ENT009, ENT013",Active,Contract,Male
1289,FN1289,LN1289,user1289@example.com,Canada,Manager,Finance,DEP005,JOB003,ROLE014,"ENT001, ENT005, ENT009",Active,FullTime,Male
1290,FN1290,LN1290,user1290@example.com,USA,Developer,Sales,DEP001,JOB020,ROLE015,"ENT001, ENT005, ENT009, ENT013",Active,Contract,Male
1291,FN1291,LN1291,user1291@example.com,India,Manager,IT,DEP002,JOB009,ROLE182,"ENT001, ENT005, ENT009, ENT013",Active,FullTime,Male
1292,FN1292,LN1292,user1292@example.com,India,Engineer,Finance,DEP005,JOB011,ROLE018,"ENT001, ENT005, ENT009, ENT013",Active,Contract,Female
1293,FN1293,LN1293,user1293@example.com,USA,Developer,Sales,DEP003,JOB018,ROLE014,"ENT001, ENT005, ENT009, ENT013",Active,FullTime,Female
1294,FN1294,LN1294,user1294@example.com,USA,Analyst,IT,DEP003,JOB008,ROLE175,"ENT001, ENT005, ENT009, ENT013",Active,FullTime,Male
1295,FN1295,LN1295,user1295@example.com,India,Engineer,Sales,DEP001,JOB011,ROLE179,"ENT001, ENT005, ENT009, ENT013",Active,FullTime,Female
1296,FN1296,LN1296,user1296@example.com,India,Manager,IT,DEP003,JOB019,ROLE016,"ENT001, ENT005, ENT009, ENT013",Active,FullTime,Male
1297,FN1297,LN1297,user1297@example.com,USA,Engineer,HR,DEP002,JOB016,ROLE193,"ENT001, ENT005, ENT009, ENT013",Active,Contract,Female
1298,FN1298,LN1298,user1298@example.com,Canada,Analyst,HR,DEP001,JOB012,ROLE016,"ENT001, ENT005, ENT009, ENT013",Active,Contract,Female
1299,FN1299,LN1299,user1299@example.com,Canada,Engineer,Finance,DEP002,JOB018,ROLE121,"ENT001, ENT005, ENT009, ENT013",Active,FullTime,Female
1300,FN1300,LN1300,user1300@example.com,India,Analyst,IT,DEP001,JOB014,ROLE031,"ENT001, ENT005, ENT009, ENT013",Active,Contract,Male
1301,FN1301,LN1301,user1301@example.com,USA,Engineer,HR,DEP002,JOB010,ROLE114,"ENT001, ENT005, ENT009, ENT013",Active,FullTime,Male
1302,FN1302,LN1302,user1302@example.com,Canada,Developer,IT,DEP004,JOB004,ROLE175,"ENT001, ENT005, ENT009, ENT013",Active,FullTime,Male
1303,FN1303,LN1303,user1303@example.com,India,Engineer,HR,DEP002,JOB005,ROLE021,"ENT001, ENT005, ENT009, ENT013",Active,FullTime,Male
1304,FN1304,LN1304,user1304@example.com,Canada,Developer,HR,DEP002,JOB017,ROLE080,"ENT001, ENT005, ENT009, ENT013",Active,Contract,Male
1305,FN1305,LN1305,user1305@example.com,India,Manager,HR,DEP002,JOB003,ROLE032,"ENT001, ENT005, ENT009, ENT013",Active,Contract,Male
1306,FN1306,LN1306,user1306@example.com,Canada,Engineer,Sales,DEP003,JOB020,ROLE159,"ENT001, ENT005, ENT009, ENT013",Active,Contract,Female
1307,FN1307,LN1307,user1307@example.com,India,Analyst,IT,DEP002,JOB020,ROLE020,"ENT001, ENT005, ENT009, ENT013",Active,Contract,Female
1308,FN1308,LN1308,user1308@example.com,Canada,Manager,Finance,DEP001,JOB012,ROLE104,"ENT001, ENT005, ENT009, ENT013",Active,FullTime,Female
1309,FN1309,LN1309,user1309@example.com,Canada,Developer,IT,DEP003,JOB013,ROLE179,"ENT001, ENT005, ENT009, ENT013",Active,Contract,Male
1310,FN1310,LN1310,user1310@example.com,USA,Analyst,HR,DEP005,JOB014,ROLE195,"ENT001, ENT005, ENT009, ENT013",Active,Contract,Male
1311,FN1311,LN1311,user1311@example.com,India,Analyst,IT,DEP004,JOB001,ROLE111,"ENT001, ENT005, ENT009, ENT013",Active,Contract,Male
1312,FN1312,LN1312,user1312@example.com,Canada,Analyst,IT,DEP003,JOB018,ROLE038,"ENT001, ENT005, ENT009, ENT013",Active,FullTime,Female
1313,FN1313,LN1313,user1313@example.com,USA,Analyst,HR,DEP002,JOB002,ROLE047,"ENT001, ENT005, ENT009, ENT013",Active,Contract,Male
1314,FN1314,LN1314,user1314@example.com,India,Manager,HR,DEP002,JOB002,ROLE110,"ENT001, ENT005, ENT009, ENT013",Active,Contract,Male
1315,FN1315,LN1315,user1315@example.com,USA,Engineer,HR,DEP002,JOB014,ROLE104,"ENT001, ENT005, ENT009, ENT013, ENT006",Active,Contract,Male
1316,FN1316,LN1316,user1316@example.com,Canada,Engineer,Sales,DEP003,JOB013,ROLE002,"ENT001, ENT005, ENT009, ENT013",Active,FullTime,Female
1317,FN1317,LN1317,user1317@example.com,India,Manager,HR,DEP005,JOB016,ROLE056,"ENT001, ENT005, ENT009, ENT013",Active,FullTime,Male
1318,FN1318,LN1318,user1318@example.com,USA,Developer,Finance,DEP004,JOB020,ROLE172,"ENT001, ENT005, ENT009, ENT013",Active,FullTime,Male
1319,FN1319,LN1319,user1319@example.com,Canada,Manager,Sales,DEP002,JOB005,ROLE050,"ENT001, ENT005, ENT009, ENT013",Active,Contract,Male
1320,FN1320,LN1320,user1320@example.com,USA,Analyst,IT,DEP001,JOB013,ROLE038,"ENT002, ENT006, ENT010, ENT014",Active,FullTime,Male
1321,FN1321,LN1321,user1321@example.com,Canada,Analyst,Finance,DEP004,JOB013,ROLE002,"ENT002, ENT006, ENT010, ENT014",Active,FullTime,Female
1322,FN1322,LN1322,user1322@example.com,USA,Manager,Finance,DEP003,JOB007,ROLE128,"ENT002, ENT006, ENT010, ENT014",Active,Contract,Male
1323,FN1323,LN1323,user1323@example.com,Canada,Manager,Sales,DEP003,JOB001,ROLE124,"ENT002, ENT006, ENT010, ENT014",Active,Contract,Male
1324,FN1324,LN1324,user1324@example.com,USA,Engineer,IT,DEP002,JOB003,ROLE037,"ENT002, ENT006, ENT010, ENT014",Active,FullTime,Male
1325,FN1325,LN1325,user1325@example.com,USA,Manager,IT,DEP002,JOB003,ROLE127,"ENT002, ENT006, ENT010, ENT014",Active,FullTime,Female
1326,FN1326,LN1326,user1326@example.com,USA,Manager,HR,DEP003,JOB001,ROLE095,"ENT002, ENT006, ENT010, ENT014",Active,Contract,Female
1327,FN1327,LN1327,user1327@example.com,USA,Engineer,IT,DEP005,JOB016,ROLE016,"ENT002, ENT006, ENT010, ENT014",Active,Contract,Male
1328,FN1328,LN1328,user1328@example.com,USA,Analyst,IT,DEP001,JOB013,ROLE143,"ENT002, ENT006, ENT010, ENT014",Active,FullTime,Male
1329,FN1329,LN1329,user1329@example.com,India,Analyst,Finance,DEP003,JOB013,ROLE046,"ENT002, ENT006, ENT010, ENT014, ENT015",Active,FullTime,Female
1330,FN1330,LN1330,user1330@example.com,Canada,Analyst,IT,DEP001,JOB004,ROLE120,"ENT002, ENT006, ENT010, ENT014",Active,FullTime,Female
1331,FN1331,LN1331,user1331@example.com,India,Analyst,Finance,DEP002,JOB002,ROLE152,"ENT002, ENT006, ENT010",Active,Contract,Male
1332,FN1332,LN1332,user1332@example.com,India,Developer,Finance,DEP003,JOB005,ROLE135,"ENT002, ENT006, ENT010, ENT014",Active,FullTime,Female
1333,FN1333,LN1333,user1333@example.com,USA,Manager,Finance,DEP003,JOB014,ROLE019,"ENT002, ENT006, ENT010, ENT014",Active,Contract,Male
1334,FN1334,LN1334,user1334@example.com,Canada,Developer,Sales,DEP003,JOB013,ROLE060,"ENT002, ENT006, ENT010, ENT014",Active,Contract,Male
1335,FN1335,LN1335,user1335@example.com,USA,Engineer,HR,DEP001,JOB004,ROLE160,"ENT002, ENT006, ENT010, ENT014",Active,FullTime,Male
1336,FN1336,LN1336,user1336@example.com,USA,Analyst,Finance,DEP005,JOB015,ROLE168,"ENT002, ENT006, ENT010, ENT014, ENT011",Active,FullTime,Female
1337,FN1337,LN1337,user1337@example.com,Canada,Manager,HR,DEP004,JOB012,ROLE118,"ENT002, ENT006, ENT010, ENT014",Active,Contract,Male
1338,FN1338,LN1338,user1338@example.com,Canada,Developer,IT,DEP002,JOB006,ROLE063,"ENT002, ENT006, ENT010, ENT014",Active,FullTime,Female
1339,FN1339,LN1339,user1339@example.com,USA,Analyst,Sales,DEP001,JOB013,ROLE138,"ENT002, ENT006, ENT010, ENT014",Active,Contract,Female
1340,FN1340,LN1340,user1340@example.com,India,Analyst,HR,DEP002,JOB017,ROLE065,"ENT002, ENT006, ENT010, ENT014",Active,Contract,Female
1341,FN1341,LN1341,user1341@example.com,India,Engineer,HR,DEP004,JOB001,ROLE096,"ENT002, ENT006, ENT010, ENT014",Active,Contract,Female
1342,FN1342,LN1342,user1342@example.com,Canada,Engineer,HR,DEP004,JOB005,ROLE041,"ENT002, ENT006, ENT010, ENT014",Active,Contract,Female
1343,FN1343,LN1343,user1343@example.com,India,Analyst,Finance,DEP004,JOB003,ROLE106,"ENT002, ENT006, ENT010, ENT014",Active,FullTime,Male
1344,FN1344,LN1344,user1344@example.com,India,Engineer,HR,DEP002,JOB014,ROLE041,"ENT002, ENT006, ENT010, ENT014",Active,FullTime,Female
1345,FN1345,LN1345,user1345@example.com,India,Manager,Sales,DEP002,JOB003,ROLE109,"ENT002, ENT006, ENT010, ENT014",Active,FullTime,Male
1346,FN1346,LN1346,user1346@example.com,India,Engineer,Sales,DEP001,JOB014,ROLE118,"ENT002, ENT006, ENT010, ENT014",Active,Contract,Male
1347,FN1347,LN1347,user1347@example.com,USA,Manager,HR,DEP004,JOB004,ROLE077,"ENT002, ENT006, ENT010, ENT014",Active,Contract,Female
1348,FN1348,LN1348,user1348@example.com,India,Analyst,IT,DEP004,JOB010,ROLE110,"ENT002, ENT006, ENT010, ENT014",Active,FullTime,Male
1349,FN1349,LN1349,user1349@example.com,India,Developer,IT,DEP004,JOB011,ROLE180,"ENT002, ENT006, ENT010, ENT014",Active,FullTime,Male
1350,FN1350,LN1350,user1350@example.com,Canada,Analyst,Finance,DEP005,JOB006,ROLE138,"ENT002, ENT006, ENT010, ENT014",Active,FullTime,Male
1351,FN1351,LN1351,user1351@example.com,Canada,Manager,HR,DEP004,JOB001,ROLE099,"ENT002, ENT006, ENT010, ENT014",Active,FullTime,Male
1352,FN1352,LN1352,user1352@example.com,India,Engineer,Sales,DEP002,JOB011,ROLE126,"ENT002, ENT006, ENT010, ENT014",Active,FullTime,Male
1353,FN1353,LN1353,user1353@example.com,USA,Developer,Finance,DEP005,JOB018,ROLE018,"ENT002, ENT010, ENT014",Active,Contract,Female
1354,FN1354,LN1354,user1354@example.com,USA,Manager,Sales,DEP003,JOB009,ROLE184,"ENT002, ENT006, ENT010, ENT014",Active,FullTime,Female
1355,FN1355,LN1355,user1355@example.com,Canada,Manager,Finance,DEP005,JOB006,ROLE132,"ENT002, ENT006, ENT010, ENT014",Active,FullTime,Female
1356,FN1356,LN1356,user1356@example.com,Canada,Manager,HR,DEP004,JOB001,ROLE039,"ENT002, ENT006, ENT010, ENT014",Active,FullTime,Male
1357,FN1357,LN1357,user1357@example.com,USA,Engineer,Finance,DEP001,JOB009,ROLE018,"ENT002, ENT006, ENT010, ENT014",Active,Contract,Female
1358,FN1358,LN1358,user1358@example.com,Canada,Developer,HR,DEP002,JOB018,ROLE100,"ENT002, ENT006, ENT010, ENT014",Active,FullTime,Male
1359,FN1359,LN1359,user1359@example.com,Canada,Engineer,HR,DEP005,JOB015,ROLE073,"ENT002, ENT006, ENT010",Active,FullTime,Female
1360,FN1360,LN1360,user1360@example.com,Canada,Analyst,HR,DEP001,JOB020,ROLE149,"ENT002, ENT006, ENT010, ENT014",Active,FullTime,Female
1361,FN1361,LN1361,user1361@example.com,India,Engineer,Sales,DEP003,JOB006,ROLE064,"ENT002, ENT006, ENT010, ENT014",Active,Contract,Male
1362,FN1362,LN1362,user1362@example.com,USA,Engineer,Finance,DEP005,JOB018,ROLE200,"ENT002, ENT006, ENT010, ENT014",Active,FullTime,Female
1363,FN1363,LN1363,user1363@example.com,USA,Engineer,HR,DEP003,JOB005,ROLE095,"ENT002, ENT006, ENT010, ENT014",Active,FullTime,Male
1364,FN1364,LN1364,user1364@example.com,Canada,Developer,Sales,DEP001,JOB006,ROLE029,"ENT002, ENT006, ENT010, ENT014",Active,FullTime,Female
1365,FN1365,LN1365,user1365@example.com,Canada,Manager,HR,DEP005,JOB014,ROLE063,"ENT002, ENT006, ENT010, ENT014",Active,Contract,Female
1366,FN1366,LN1366,user1366@example.com,USA,Engineer,Finance,DEP001,JOB012,ROLE048,"ENT002, ENT006, ENT010, ENT014",Active,FullTime,Male
1367,FN1367,LN1367,user1367@example.com,Canada,Manager,Sales,DEP005,JOB004,ROLE101,"ENT002, ENT006, ENT010, ENT014",Active,FullTime,Male
1368,FN1368,LN1368,user1368@example.com,Canada,Developer,Sales,DEP002,JOB005,ROLE020,"ENT002, ENT006, ENT010, ENT014, ENT011",Active,FullTime,Male
1369,FN1369,LN1369,user1369@example.com,India,Analyst,Finance,DEP004,JOB020,ROLE117,"ENT002, ENT006, ENT010, ENT014, ENT003",Active,FullTime,Female
1370,FN1370,LN1370,user1370@example.com,USA,Analyst,HR,DEP005,JOB011,ROLE170,"ENT002, ENT006, ENT010, ENT014, ENT013",Active,Contract,Male
1371,FN1371,LN1371,user1371@example.com,India,Manager,IT,DEP002,JOB004,ROLE138,"ENT002, ENT006, ENT010, ENT014",Active,FullTime,Male
1372,FN1372,LN1372,user1372@example.com,Canada,Manager,Finance,DEP003,JOB005,ROLE100,"ENT002, ENT006, ENT010, ENT014",Active,FullTime,Male
1373,FN1373,LN1373,user1373@example.com,Canada,Developer,IT,DEP002,JOB017,ROLE132,"ENT002, ENT006, ENT010, ENT014",Active,Contract,Female
1374,FN1374,LN1374,user1374@example.com,Canada,Analyst,Sales,DEP003,JOB020,ROLE103,"ENT002, ENT006, ENT010, ENT014",Active,FullTime,Female
1375,FN1375,LN1375,user1375@example.com,Canada,Manager,IT,DEP002,JOB009,ROLE192,"ENT002, ENT006, ENT010, ENT014",Active,Contract,Female
1376,FN1376,LN1376,user1376@example.com,India,Engineer,IT,DEP001,JOB011,ROLE054,"ENT002, ENT006, ENT010, ENT014",Active,Contract,Female
1377,FN1377,LN1377,user1377@example.com,USA,Manager,Sales,DEP005,JOB003,ROLE067,"ENT002, ENT006, ENT010, ENT014",Active,Contract,Female
1378,FN1378,LN1378,user1378@example.com,India,Developer,IT,DEP005,JOB008,ROLE091,"ENT002, ENT006, ENT010, ENT014",Active,Contract,Male
1379,FN1379,LN1379,user1379@example.com,India,Analyst,Sales,DEP001,JOB014,ROLE198,"ENT002, ENT006, ENT010, ENT014",Active,Contract,Male
1380,FN1380,LN1380,user1380@example.com,Canada,Engineer,Sales,DEP005,JOB002,ROLE167,"ENT002, ENT006, ENT010, ENT014",Active,Contract,Male
1381,FN1381,LN1381,user1381@example.com,USA,Analyst,Sales,DEP005,JOB014,ROLE125,"ENT002, ENT006, ENT010, ENT014",Active,Contract,Female
1382,FN1382,LN1382,user1382@example.com,India,Engineer,IT,DEP004,JOB010,ROLE181,"ENT002, ENT006, ENT010, ENT014",Active,Contract,Male
1383,FN1383,LN1383,user1383@example.com,USA,Analyst,IT,DEP004,JOB006,ROLE117,"ENT002, ENT006, ENT010, ENT014, ENT003",Active,FullTime,Male
1384,FN1384,LN1384,user1384@example.com,USA,Manager,HR,DEP001,JOB002,ROLE047,"ENT002, ENT006, ENT010, ENT014",Active,FullTime,Male
1385,FN1385,LN1385,user1385@example.com,India,Manager,Finance,DEP001,JOB003,ROLE131,"ENT002, ENT006, ENT010, ENT014",Active,FullTime,Male
1386,FN1386,LN1386,user1386@example.com,USA,Analyst,HR,DEP003,JOB001,ROLE049,"ENT002, ENT006, ENT010, ENT014",Active,Contract,Female
1387,FN1387,LN1387,user1387@example.com,USA,Analyst,IT,DEP003,JOB012,ROLE200,"ENT002, ENT006, ENT010, ENT014, ENT003",Active,Contract,Female
1388,FN1388,LN1388,user1388@example.com,USA,Developer,HR,DEP002,JOB010,ROLE077,"ENT002, ENT006, ENT010, ENT014",Active,FullTime,Female
1389,FN1389,LN1389,user1389@example.com,USA,Manager,HR,DEP001,JOB020,ROLE048,"ENT002, ENT006, ENT010, ENT014",Active,FullTime,Male
1390,FN1390,LN1390,user1390@example.com,Canada,Engineer,HR,DEP002,JOB007,ROLE132,"ENT002, ENT006, ENT010, ENT014",Active,Contract,Female
1391,FN1391,LN1391,user1391@example.com,India,Engineer,Finance,DEP005,JOB002,ROLE036,"ENT002, ENT006, ENT010, ENT014",Active,FullTime,Female
1392,FN1392,LN1392,user1392@example.com,USA,Engineer,Sales,DEP005,JOB013,ROLE030,"ENT002, ENT006, ENT010, ENT014, ENT007",Active,Contract,Female
1393,FN1393,LN1393,user1393@example.com,Canada,Engineer,Sales,DEP003,JOB012,ROLE039,"ENT006, ENT010, ENT014",Active,Contract,Male
1394,FN1394,LN1394,user1394@example.com,India,Analyst,Sales,DEP005,JOB012,ROLE002,"ENT002, ENT006, ENT010, ENT014",Active,FullTime,Male
1395,FN1395,LN1395,user1395@example.com,India,Manager,HR,DEP004,JOB019,ROLE026,"ENT006, ENT010, ENT014",Active,FullTime,Male
1396,FN1396,LN1396,user1396@example.com,Canada,Engineer,Sales,DEP003,JOB003,ROLE188,"ENT002, ENT006, ENT010, ENT014",Active,FullTime,Female
1397,FN1397,LN1397,user1397@example.com,Canada,Manager,Sales,DEP003,JOB020,ROLE168,"ENT002, ENT006, ENT010, ENT014",Active,FullTime,Male
1398,FN1398,LN1398,user1398@example.com,India,Engineer,HR,DEP003,JOB019,ROLE135,"ENT002, ENT006, ENT010, ENT014",Active,Contract,Female
1399,FN1399,LN1399,user1399@example.com,India,Manager,HR,DEP003,JOB015,ROLE197,"ENT002, ENT006, ENT010, ENT014",Active,Contract,Male
